,date,SP500
0,2014-10-27,1961.63
1,2014-10-28,1985.05
2,2014-10-29,1982.3
3,2014-10-30,1994.65
4,2014-10-31,2018.05
5,2014-11-03,2017.81
6,2014-11-04,2012.1
7,2014-11-05,2023.57
8,2014-11-06,2031.21
9,2014-11-07,2031.92
10,2014-11-10,2038.26
11,2014-11-11,2039.68
12,2014-11-12,2038.25
13,2014-11-13,2039.33
14,2014-11-14,2039.82
15,2014-11-17,2041.32
16,2014-11-18,2051.8
17,2014-11-19,2048.72
18,2014-11-20,2052.75
19,2014-11-21,2063.5
20,2014-11-24,2069.41
21,2014-11-25,2067.03
22,2014-11-26,2072.83
23,2014-11-27,
24,2014-11-28,2067.56
25,2014-12-01,2053.44
26,2014-12-02,2066.55
27,2014-12-03,2074.33
28,2014-12-04,2071.92
29,2014-12-05,2075.37
30,2014-12-08,2060.31
31,2014-12-09,2059.82
32,2014-12-10,2026.14
33,2014-12-11,2035.33
34,2014-12-12,2002.33
35,2014-12-15,1989.63
36,2014-12-16,1972.74
37,2014-12-17,2012.89
38,2014-12-18,2061.23
39,2014-12-19,2070.65
40,2014-12-22,2078.54
41,2014-12-23,2082.17
42,2014-12-24,2081.88
43,2014-12-25,
44,2014-12-26,2088.77
45,2014-12-29,2090.57
46,2014-12-30,2080.35
47,2014-12-31,2058.9
48,2015-01-01,
49,2015-01-02,2058.2
50,2015-01-05,2020.58
51,2015-01-06,2002.61
52,2015-01-07,2025.9
53,2015-01-08,2062.14
54,2015-01-09,2044.81
55,2015-01-12,2028.26
56,2015-01-13,2023.03
57,2015-01-14,2011.27
58,2015-01-15,1992.67
59,2015-01-16,2019.42
60,2015-01-19,
61,2015-01-20,2022.55
62,2015-01-21,2032.12
63,2015-01-22,2063.15
64,2015-01-23,2051.82
65,2015-01-26,2057.09
66,2015-01-27,2029.55
67,2015-01-28,2002.16
68,2015-01-29,2021.25
69,2015-01-30,1994.99
70,2015-02-02,2020.85
71,2015-02-03,2050.03
72,2015-02-04,2041.51
73,2015-02-05,2062.52
74,2015-02-06,2055.47
75,2015-02-09,2046.74
76,2015-02-10,2068.59
77,2015-02-11,2068.53
78,2015-02-12,2088.48
79,2015-02-13,2096.99
80,2015-02-16,
81,2015-02-17,2100.34
82,2015-02-18,2099.68
83,2015-02-19,2097.45
84,2015-02-20,2110.3
85,2015-02-23,2109.66
86,2015-02-24,2115.48
87,2015-02-25,2113.86
88,2015-02-26,2110.74
89,2015-02-27,2104.5
90,2015-03-02,2117.39
91,2015-03-03,2107.78
92,2015-03-04,2098.53
93,2015-03-05,2101.04
94,2015-03-06,2071.26
95,2015-03-09,2079.43
96,2015-03-10,2044.16
97,2015-03-11,2040.24
98,2015-03-12,2065.95
99,2015-03-13,2053.4
100,2015-03-16,2081.19
101,2015-03-17,2074.28
102,2015-03-18,2099.5
103,2015-03-19,2089.27
104,2015-03-20,2108.1
105,2015-03-23,2104.42
106,2015-03-24,2091.5
107,2015-03-25,2061.05
108,2015-03-26,2056.15
109,2015-03-27,2061.02
110,2015-03-30,2086.24
111,2015-03-31,2067.89
112,2015-04-01,2059.69
113,2015-04-02,2066.96
114,2015-04-03,
115,2015-04-06,2080.62
116,2015-04-07,2076.33
117,2015-04-08,2081.9
118,2015-04-09,2091.18
119,2015-04-10,2102.06
120,2015-04-13,2092.43
121,2015-04-14,2095.84
122,2015-04-15,2106.63
123,2015-04-16,2104.99
124,2015-04-17,2081.18
125,2015-04-20,2100.4
126,2015-04-21,2097.29
127,2015-04-22,2107.96
128,2015-04-23,2112.93
129,2015-04-24,2117.69
130,2015-04-27,2108.92
131,2015-04-28,2114.76
132,2015-04-29,2106.85
133,2015-04-30,2085.51
134,2015-05-01,2108.29
135,2015-05-04,2114.49
136,2015-05-05,2089.46
137,2015-05-06,2080.15
138,2015-05-07,2088.0
139,2015-05-08,2116.1
140,2015-05-11,2105.33
141,2015-05-12,2099.12
142,2015-05-13,2098.48
143,2015-05-14,2121.1
144,2015-05-15,2122.73
145,2015-05-18,2129.2
146,2015-05-19,2127.83
147,2015-05-20,2125.85
148,2015-05-21,2130.82
149,2015-05-22,2126.06
150,2015-05-25,
151,2015-05-26,2104.2
152,2015-05-27,2123.48
153,2015-05-28,2120.79
154,2015-05-29,2107.39
155,2015-06-01,2111.73
156,2015-06-02,2109.6
157,2015-06-03,2114.07
158,2015-06-04,2095.84
159,2015-06-05,2092.83
160,2015-06-08,2079.28
161,2015-06-09,2080.15
162,2015-06-10,2105.2
163,2015-06-11,2108.86
164,2015-06-12,2094.11
165,2015-06-15,2084.43
166,2015-06-16,2096.29
167,2015-06-17,2100.44
168,2015-06-18,2121.24
169,2015-06-19,2109.99
170,2015-06-22,2122.85
171,2015-06-23,2124.2
172,2015-06-24,2108.58
173,2015-06-25,2102.31
174,2015-06-26,2101.49
175,2015-06-29,2057.64
176,2015-06-30,2063.11
177,2015-07-01,2077.42
178,2015-07-02,2076.78
179,2015-07-03,
180,2015-07-06,2068.76
181,2015-07-07,2081.34
182,2015-07-08,2046.68
183,2015-07-09,2051.31
184,2015-07-10,2076.62
185,2015-07-13,2099.6
186,2015-07-14,2108.95
187,2015-07-15,2107.4
188,2015-07-16,2124.29
189,2015-07-17,2126.64
190,2015-07-20,2128.28
191,2015-07-21,2119.21
192,2015-07-22,2114.15
193,2015-07-23,2102.15
194,2015-07-24,2079.65
195,2015-07-27,2067.64
196,2015-07-28,2093.25
197,2015-07-29,2108.57
198,2015-07-30,2108.63
199,2015-07-31,2103.84
200,2015-08-03,2098.04
201,2015-08-04,2093.32
202,2015-08-05,2099.84
203,2015-08-06,2083.56
204,2015-08-07,2077.57
205,2015-08-10,2104.18
206,2015-08-11,2084.07
207,2015-08-12,2086.05
208,2015-08-13,2083.39
209,2015-08-14,2091.54
210,2015-08-17,2102.44
211,2015-08-18,2096.92
212,2015-08-19,2079.61
213,2015-08-20,2035.73
214,2015-08-21,1970.89
215,2015-08-24,1893.21
216,2015-08-25,1867.61
217,2015-08-26,1940.51
218,2015-08-27,1987.66
219,2015-08-28,1988.87
220,2015-08-31,1972.18
221,2015-09-01,1913.85
222,2015-09-02,1948.86
223,2015-09-03,1951.13
224,2015-09-04,1921.22
225,2015-09-07,
226,2015-09-08,1969.41
227,2015-09-09,1942.04
228,2015-09-10,1952.29
229,2015-09-11,1961.05
230,2015-09-14,1953.03
231,2015-09-15,1978.09
232,2015-09-16,1995.31
233,2015-09-17,1990.2
234,2015-09-18,1958.03
235,2015-09-21,1966.97
236,2015-09-22,1942.74
237,2015-09-23,1938.76
238,2015-09-24,1932.24
239,2015-09-25,1931.34
240,2015-09-28,1881.77
241,2015-09-29,1884.09
242,2015-09-30,1920.03
243,2015-10-01,1923.82
244,2015-10-02,1951.36
245,2015-10-05,1987.05
246,2015-10-06,1979.92
247,2015-10-07,1995.83
248,2015-10-08,2013.43
249,2015-10-09,2014.89
250,2015-10-12,2017.46
251,2015-10-13,2003.69
252,2015-10-14,1994.24
253,2015-10-15,2023.86
254,2015-10-16,2033.11
255,2015-10-19,2033.66
256,2015-10-20,2030.77
257,2015-10-21,2018.94
258,2015-10-22,2052.51
259,2015-10-23,2075.15
260,2015-10-26,2071.18
261,2015-10-27,2065.89
262,2015-10-28,2090.35
263,2015-10-29,2089.41
264,2015-10-30,2079.36
265,2015-11-02,2104.05
266,2015-11-03,2109.79
267,2015-11-04,2102.31
268,2015-11-05,2099.93
269,2015-11-06,2099.2
270,2015-11-09,2078.58
271,2015-11-10,2081.72
272,2015-11-11,2075.0
273,2015-11-12,2045.97
274,2015-11-13,2023.04
275,2015-11-16,2053.19
276,2015-11-17,2050.44
277,2015-11-18,2083.58
278,2015-11-19,2081.24
279,2015-11-20,2089.17
280,2015-11-23,2086.59
281,2015-11-24,2089.14
282,2015-11-25,2088.87
283,2015-11-26,
284,2015-11-27,2090.11
285,2015-11-30,2080.41
286,2015-12-01,2102.63
287,2015-12-02,2079.51
288,2015-12-03,2049.62
289,2015-12-04,2091.69
290,2015-12-07,2077.07
291,2015-12-08,2063.59
292,2015-12-09,2047.62
293,2015-12-10,2052.23
294,2015-12-11,2012.37
295,2015-12-14,2021.94
296,2015-12-15,2043.41
297,2015-12-16,2073.07
298,2015-12-17,2041.89
299,2015-12-18,2005.55
300,2015-12-21,2021.15
301,2015-12-22,2038.97
302,2015-12-23,2064.29
303,2015-12-24,2060.99
304,2015-12-25,
305,2015-12-28,2056.5
306,2015-12-29,2078.36
307,2015-12-30,2063.36
308,2015-12-31,2043.94
309,2016-01-01,
310,2016-01-04,2012.66
311,2016-01-05,2016.71
312,2016-01-06,1990.26
313,2016-01-07,1943.09
314,2016-01-08,1922.03
315,2016-01-11,1923.67
316,2016-01-12,1938.68
317,2016-01-13,1890.28
318,2016-01-14,1921.84
319,2016-01-15,1880.33
320,2016-01-18,
321,2016-01-19,1881.33
322,2016-01-20,1859.33
323,2016-01-21,1868.99
324,2016-01-22,1906.9
325,2016-01-25,1877.08
326,2016-01-26,1903.63
327,2016-01-27,1882.95
328,2016-01-28,1893.36
329,2016-01-29,1940.24
330,2016-02-01,1939.38
331,2016-02-02,1903.03
332,2016-02-03,1912.53
333,2016-02-04,1915.45
334,2016-02-05,1880.05
335,2016-02-08,1853.44
336,2016-02-09,1852.21
337,2016-02-10,1851.86
338,2016-02-11,1829.08
339,2016-02-12,1864.78
340,2016-02-15,
341,2016-02-16,1895.58
342,2016-02-17,1926.82
343,2016-02-18,1917.83
344,2016-02-19,1917.78
345,2016-02-22,1945.5
346,2016-02-23,1921.27
347,2016-02-24,1929.8
348,2016-02-25,1951.7
349,2016-02-26,1948.05
350,2016-02-29,1932.23
351,2016-03-01,1978.35
352,2016-03-02,1986.45
353,2016-03-03,1993.4
354,2016-03-04,1999.99
355,2016-03-07,2001.76
356,2016-03-08,1979.26
357,2016-03-09,1989.26
358,2016-03-10,1989.57
359,2016-03-11,2022.19
360,2016-03-14,2019.64
361,2016-03-15,2015.93
362,2016-03-16,2027.22
363,2016-03-17,2040.59
364,2016-03-18,2049.58
365,2016-03-21,2051.6
366,2016-03-22,2049.8
367,2016-03-23,2036.71
368,2016-03-24,2035.94
369,2016-03-25,
370,2016-03-28,2037.05
371,2016-03-29,2055.01
372,2016-03-30,2063.95
373,2016-03-31,2059.74
374,2016-04-01,2072.78
375,2016-04-04,2066.13
376,2016-04-05,2045.17
377,2016-04-06,2066.66
378,2016-04-07,2041.91
379,2016-04-08,2047.6
380,2016-04-11,2041.99
381,2016-04-12,2061.72
382,2016-04-13,2082.42
383,2016-04-14,2082.78
384,2016-04-15,2080.73
385,2016-04-18,2094.34
386,2016-04-19,2100.8
387,2016-04-20,2102.4
388,2016-04-21,2091.48
389,2016-04-22,2091.58
390,2016-04-25,2087.79
391,2016-04-26,2091.7
392,2016-04-27,2095.15
393,2016-04-28,2075.81
394,2016-04-29,2065.3
395,2016-05-02,2081.43
396,2016-05-03,2063.37
397,2016-05-04,2051.12
398,2016-05-05,2050.63
399,2016-05-06,2057.14
400,2016-05-09,2058.69
401,2016-05-10,2084.39
402,2016-05-11,2064.46
403,2016-05-12,2064.11
404,2016-05-13,2046.61
405,2016-05-16,2066.66
406,2016-05-17,2047.21
407,2016-05-18,2047.63
408,2016-05-19,2040.04
409,2016-05-20,2052.32
410,2016-05-23,2048.04
411,2016-05-24,2076.06
412,2016-05-25,2090.54
413,2016-05-26,2090.1
414,2016-05-27,2099.06
415,2016-05-30,
416,2016-05-31,2096.96
417,2016-06-01,2099.33
418,2016-06-02,2105.26
419,2016-06-03,2099.13
420,2016-06-06,2109.41
421,2016-06-07,2112.13
422,2016-06-08,2119.12
423,2016-06-09,2115.48
424,2016-06-10,2096.07
425,2016-06-13,2079.06
426,2016-06-14,2075.32
427,2016-06-15,2071.5
428,2016-06-16,2077.99
429,2016-06-17,2071.22
430,2016-06-20,2083.25
431,2016-06-21,2088.9
432,2016-06-22,2085.45
433,2016-06-23,2113.32
434,2016-06-24,2037.41
435,2016-06-27,2000.54
436,2016-06-28,2036.09
437,2016-06-29,2070.77
438,2016-06-30,2098.86
439,2016-07-01,2102.95
440,2016-07-04,
441,2016-07-05,2088.55
442,2016-07-06,2099.73
443,2016-07-07,2097.9
444,2016-07-08,2129.9
445,2016-07-11,2137.16
446,2016-07-12,2152.14
447,2016-07-13,2152.43
448,2016-07-14,2163.75
449,2016-07-15,2161.74
450,2016-07-18,2166.89
451,2016-07-19,2163.78
452,2016-07-20,2173.02
453,2016-07-21,2165.17
454,2016-07-22,2175.03
455,2016-07-25,2168.48
456,2016-07-26,2169.18
457,2016-07-27,2166.58
458,2016-07-28,2170.06
459,2016-07-29,2173.6
460,2016-08-01,2170.84
461,2016-08-02,2157.03
462,2016-08-03,2163.79
463,2016-08-04,2164.25
464,2016-08-05,2182.87
465,2016-08-08,2180.89
466,2016-08-09,2181.74
467,2016-08-10,2175.49
468,2016-08-11,2185.79
469,2016-08-12,2184.05
470,2016-08-15,2190.15
471,2016-08-16,2178.15
472,2016-08-17,2182.22
473,2016-08-18,2187.02
474,2016-08-19,2183.87
475,2016-08-22,2182.64
476,2016-08-23,2186.9
477,2016-08-24,2175.44
478,2016-08-25,2172.47
479,2016-08-26,2169.04
480,2016-08-29,2180.38
481,2016-08-30,2176.12
482,2016-08-31,2170.95
483,2016-09-01,2170.86
484,2016-09-02,2179.98
485,2016-09-05,
486,2016-09-06,2186.48
487,2016-09-07,2186.16
488,2016-09-08,2181.3
489,2016-09-09,2127.81
490,2016-09-12,2159.04
491,2016-09-13,2127.02
492,2016-09-14,2125.77
493,2016-09-15,2147.26
494,2016-09-16,2139.16
495,2016-09-19,2139.12
496,2016-09-20,2139.76
497,2016-09-21,2163.12
498,2016-09-22,2177.18
499,2016-09-23,2164.69
500,2016-09-26,2146.1
501,2016-09-27,2159.93
502,2016-09-28,2171.37
503,2016-09-29,2151.13
504,2016-09-30,2168.27
505,2016-10-03,2161.2
506,2016-10-04,2150.49
507,2016-10-05,2159.73
508,2016-10-06,2160.77
509,2016-10-07,2153.74
510,2016-10-10,2163.66
511,2016-10-11,2136.73
512,2016-10-12,2139.18
513,2016-10-13,2132.55
514,2016-10-14,2132.98
515,2016-10-17,2126.5
516,2016-10-18,2139.6
517,2016-10-19,2144.29
518,2016-10-20,2141.34
519,2016-10-21,2141.16
520,2016-10-24,2151.33
521,2016-10-25,2143.16
522,2016-10-26,2139.43
523,2016-10-27,2133.04
524,2016-10-28,2126.41
525,2016-10-31,2126.15
526,2016-11-01,2111.72
527,2016-11-02,2097.94
528,2016-11-03,2088.66
529,2016-11-04,2085.18
530,2016-11-07,2131.52
531,2016-11-08,2139.56
532,2016-11-09,2163.26
533,2016-11-10,2167.48
534,2016-11-11,2164.45
535,2016-11-14,2164.2
536,2016-11-15,2180.39
537,2016-11-16,2176.94
538,2016-11-17,2187.12
539,2016-11-18,2181.9
540,2016-11-21,2198.18
541,2016-11-22,2202.94
542,2016-11-23,2204.72
543,2016-11-24,
544,2016-11-25,2213.35
545,2016-11-28,2201.72
546,2016-11-29,2204.66
547,2016-11-30,2198.81
548,2016-12-01,2191.08
549,2016-12-02,2191.95
550,2016-12-05,2204.71
551,2016-12-06,2212.23
552,2016-12-07,2241.35
553,2016-12-08,2246.19
554,2016-12-09,2259.53
555,2016-12-12,2256.96
556,2016-12-13,2271.72
557,2016-12-14,2253.28
558,2016-12-15,2262.03
559,2016-12-16,2258.07
560,2016-12-19,2262.53
561,2016-12-20,2270.76
562,2016-12-21,2265.18
563,2016-12-22,2260.96
564,2016-12-23,2263.79
565,2016-12-26,
566,2016-12-27,2268.88
567,2016-12-28,2249.92
568,2016-12-29,2249.26
569,2016-12-30,2238.83
570,2017-01-02,
571,2017-01-03,2257.83
572,2017-01-04,2270.75
573,2017-01-05,2269.0
574,2017-01-06,2276.98
575,2017-01-09,2268.9
576,2017-01-10,2268.9
577,2017-01-11,2275.32
578,2017-01-12,2270.44
579,2017-01-13,2274.64
580,2017-01-16,
581,2017-01-17,2267.89
582,2017-01-18,2271.89
583,2017-01-19,2263.69
584,2017-01-20,2271.31
585,2017-01-23,2265.2
586,2017-01-24,2280.07
587,2017-01-25,2298.37
588,2017-01-26,2296.68
589,2017-01-27,2294.69
590,2017-01-30,2280.9
591,2017-01-31,2278.87
592,2017-02-01,2279.55
593,2017-02-02,2280.85
594,2017-02-03,2297.42
595,2017-02-06,2292.56
596,2017-02-07,2293.08
597,2017-02-08,2294.67
598,2017-02-09,2307.87
599,2017-02-10,2316.1
600,2017-02-13,2328.25
601,2017-02-14,2337.58
602,2017-02-15,2349.25
603,2017-02-16,2347.22
604,2017-02-17,2351.16
605,2017-02-20,
606,2017-02-21,2365.38
607,2017-02-22,2362.82
608,2017-02-23,2363.81
609,2017-02-24,2367.34
610,2017-02-27,2369.75
611,2017-02-28,2363.64
612,2017-03-01,2395.96
613,2017-03-02,2381.92
614,2017-03-03,2383.12
615,2017-03-06,2375.31
616,2017-03-07,2368.39
617,2017-03-08,2362.98
618,2017-03-09,2364.87
619,2017-03-10,2372.6
620,2017-03-13,2373.47
621,2017-03-14,2365.45
622,2017-03-15,2385.26
623,2017-03-16,2381.38
624,2017-03-17,2378.25
625,2017-03-20,2373.47
626,2017-03-21,2344.02
627,2017-03-22,2348.45
628,2017-03-23,2345.96
629,2017-03-24,2343.98
630,2017-03-27,2341.59
631,2017-03-28,2358.57
632,2017-03-29,2361.13
633,2017-03-30,2368.06
634,2017-03-31,2362.72
635,2017-04-03,2358.84
636,2017-04-04,2360.16
637,2017-04-05,2352.95
638,2017-04-06,2357.49
639,2017-04-07,2355.54
640,2017-04-10,2357.16
641,2017-04-11,2353.78
642,2017-04-12,2344.93
643,2017-04-13,2328.95
644,2017-04-14,
645,2017-04-17,2349.01
646,2017-04-18,2342.19
647,2017-04-19,2338.17
648,2017-04-20,2355.84
649,2017-04-21,2348.69
650,2017-04-24,2374.15
651,2017-04-25,2388.61
652,2017-04-26,2387.45
653,2017-04-27,2388.77
654,2017-04-28,2384.2
655,2017-05-01,2388.33
656,2017-05-02,2391.17
657,2017-05-03,2388.13
658,2017-05-04,2389.52
659,2017-05-05,2399.29
660,2017-05-08,2399.38
661,2017-05-09,2396.92
662,2017-05-10,2399.63
663,2017-05-11,2394.44
664,2017-05-12,2390.9
665,2017-05-15,2402.32
666,2017-05-16,2400.67
667,2017-05-17,2357.03
668,2017-05-18,2365.72
669,2017-05-19,2381.73
670,2017-05-22,2394.02
671,2017-05-23,2398.42
672,2017-05-24,2404.39
673,2017-05-25,2415.07
674,2017-05-26,2415.82
675,2017-05-29,
676,2017-05-30,2412.91
677,2017-05-31,2411.8
678,2017-06-01,2430.06
679,2017-06-02,2439.07
680,2017-06-05,2436.1
681,2017-06-06,2429.33
682,2017-06-07,2433.14
683,2017-06-08,2433.79
684,2017-06-09,2431.77
685,2017-06-12,2429.39
686,2017-06-13,2440.35
687,2017-06-14,2437.92
688,2017-06-15,2432.46
689,2017-06-16,2433.15
690,2017-06-19,2453.46
691,2017-06-20,2437.03
692,2017-06-21,2435.61
693,2017-06-22,2434.5
694,2017-06-23,2438.3
695,2017-06-26,2439.07
696,2017-06-27,2419.38
697,2017-06-28,2440.69
698,2017-06-29,2419.7
699,2017-06-30,2423.41
700,2017-07-03,2429.01
701,2017-07-04,
702,2017-07-05,2432.54
703,2017-07-06,2409.75
704,2017-07-07,2425.18
705,2017-07-10,2427.43
706,2017-07-11,2425.53
707,2017-07-12,2443.25
708,2017-07-13,2447.83
709,2017-07-14,2459.27
710,2017-07-17,2459.14
711,2017-07-18,2460.61
712,2017-07-19,2473.83
713,2017-07-20,2473.45
714,2017-07-21,2472.54
715,2017-07-24,2469.91
716,2017-07-25,2477.13
717,2017-07-26,2477.83
718,2017-07-27,2475.42
719,2017-07-28,2472.1
720,2017-07-31,2470.3
721,2017-08-01,2476.35
722,2017-08-02,2477.57
723,2017-08-03,2472.16
724,2017-08-04,2476.83
725,2017-08-07,2480.91
726,2017-08-08,2474.92
727,2017-08-09,2474.02
728,2017-08-10,2438.21
729,2017-08-11,2441.32
730,2017-08-14,2465.84
731,2017-08-15,2464.61
732,2017-08-16,2468.11
733,2017-08-17,2430.01
734,2017-08-18,2425.55
735,2017-08-21,2428.37
736,2017-08-22,2452.51
737,2017-08-23,2444.04
738,2017-08-24,2438.97
739,2017-08-25,2443.05
740,2017-08-28,2444.24
741,2017-08-29,2446.3
742,2017-08-30,2457.59
743,2017-08-31,2471.65
744,2017-09-01,2476.55
745,2017-09-04,
746,2017-09-05,2457.85
747,2017-09-06,2465.54
748,2017-09-07,2465.1
749,2017-09-08,2461.43
750,2017-09-11,2488.11
751,2017-09-12,2496.48
752,2017-09-13,2498.37
753,2017-09-14,2495.62
754,2017-09-15,2500.23
755,2017-09-18,2503.87
756,2017-09-19,2506.65
757,2017-09-20,2508.24
758,2017-09-21,2500.6
759,2017-09-22,2502.22
760,2017-09-25,2496.66
761,2017-09-26,2496.84
762,2017-09-27,2507.04
763,2017-09-28,2510.06
764,2017-09-29,2519.36
765,2017-10-02,2529.12
766,2017-10-03,2534.58
767,2017-10-04,2537.74
768,2017-10-05,2552.07
769,2017-10-06,2549.33
770,2017-10-09,2544.73
771,2017-10-10,2550.64
772,2017-10-11,2555.24
773,2017-10-12,2550.93
774,2017-10-13,2553.17
775,2017-10-16,2557.64
776,2017-10-17,2559.36
777,2017-10-18,2561.26
778,2017-10-19,2562.1
779,2017-10-20,2575.21
780,2017-10-23,2564.98
781,2017-10-24,2569.13
782,2017-10-25,2557.15
783,2017-10-26,2560.4
784,2017-10-27,2581.07
785,2017-10-30,2572.83
786,2017-10-31,2575.26
787,2017-11-01,2579.36
788,2017-11-02,2579.85
789,2017-11-03,2587.84
790,2017-11-06,2591.13
791,2017-11-07,2590.64
792,2017-11-08,2594.38
793,2017-11-09,2584.62
794,2017-11-10,2582.3
795,2017-11-13,2584.84
796,2017-11-14,2578.87
797,2017-11-15,2564.62
798,2017-11-16,2585.64
799,2017-11-17,2578.85
800,2017-11-20,2582.14
801,2017-11-21,2599.03
802,2017-11-22,2597.08
803,2017-11-23,
804,2017-11-24,2602.42
805,2017-11-27,2601.42
806,2017-11-28,2627.04
807,2017-11-29,2626.07
808,2017-11-30,2647.58
809,2017-12-01,2642.22
810,2017-12-04,2639.44
811,2017-12-05,2629.57
812,2017-12-06,2629.27
813,2017-12-07,2636.98
814,2017-12-08,2651.5
815,2017-12-11,2659.99
816,2017-12-12,2664.11
817,2017-12-13,2662.85
818,2017-12-14,2652.01
819,2017-12-15,2675.81
820,2017-12-18,2690.16
821,2017-12-19,2681.47
822,2017-12-20,2679.25
823,2017-12-21,2684.57
824,2017-12-22,2683.34
825,2017-12-25,
826,2017-12-26,2680.5
827,2017-12-27,2682.62
828,2017-12-28,2687.54
829,2017-12-29,2673.61
830,2018-01-01,
831,2018-01-02,2695.81
832,2018-01-03,2713.06
833,2018-01-04,2723.99
834,2018-01-05,2743.15
835,2018-01-08,2747.71
836,2018-01-09,2751.29
837,2018-01-10,2748.23
838,2018-01-11,2767.56
839,2018-01-12,2786.24
840,2018-01-15,
841,2018-01-16,2776.42
842,2018-01-17,2802.56
843,2018-01-18,2798.03
844,2018-01-19,2810.3
845,2018-01-22,2832.97
846,2018-01-23,2839.13
847,2018-01-24,2837.54
848,2018-01-25,2839.25
849,2018-01-26,2872.87
850,2018-01-29,2853.53
851,2018-01-30,2822.43
852,2018-01-31,2823.81
853,2018-02-01,2821.98
854,2018-02-02,2762.13
855,2018-02-05,2648.94
856,2018-02-06,2695.14
857,2018-02-07,2681.66
858,2018-02-08,2581.0
859,2018-02-09,2619.55
860,2018-02-12,2656.0
861,2018-02-13,2662.94
862,2018-02-14,2698.63
863,2018-02-15,2731.2
864,2018-02-16,2732.22
865,2018-02-19,
866,2018-02-20,2716.26
867,2018-02-21,2701.33
868,2018-02-22,2703.96
869,2018-02-23,2747.3
870,2018-02-26,2779.6
871,2018-02-27,2744.28
872,2018-02-28,2713.83
873,2018-03-01,2677.67
874,2018-03-02,2691.25
875,2018-03-05,2720.94
876,2018-03-06,2728.12
877,2018-03-07,2726.8
878,2018-03-08,2738.97
879,2018-03-09,2786.57
880,2018-03-12,2783.02
881,2018-03-13,2765.31
882,2018-03-14,2749.48
883,2018-03-15,2747.33
884,2018-03-16,2752.01
885,2018-03-19,2712.92
886,2018-03-20,2716.94
887,2018-03-21,2711.93
888,2018-03-22,2643.69
889,2018-03-23,2588.26
890,2018-03-26,2658.55
891,2018-03-27,2612.62
892,2018-03-28,2605.0
893,2018-03-29,2640.87
894,2018-03-30,
895,2018-04-02,2581.88
896,2018-04-03,2614.45
897,2018-04-04,2644.69
898,2018-04-05,2662.84
899,2018-04-06,2604.47
900,2018-04-09,2613.16
901,2018-04-10,2656.87
902,2018-04-11,2642.19
903,2018-04-12,2663.99
904,2018-04-13,2656.3
905,2018-04-16,2677.84
906,2018-04-17,2706.39
907,2018-04-18,2708.64
908,2018-04-19,2693.13
909,2018-04-20,2670.14
910,2018-04-23,2670.29
911,2018-04-24,2634.56
912,2018-04-25,2639.4
913,2018-04-26,2666.94
914,2018-04-27,2669.91
915,2018-04-30,2648.05
916,2018-05-01,2654.8
917,2018-05-02,2635.67
918,2018-05-03,2629.73
919,2018-05-04,2663.42
920,2018-05-07,2672.63
921,2018-05-08,2671.92
922,2018-05-09,2697.79
923,2018-05-10,2723.07
924,2018-05-11,2727.72
925,2018-05-14,2730.13
926,2018-05-15,2711.45
927,2018-05-16,2722.46
928,2018-05-17,2720.13
929,2018-05-18,2712.97
930,2018-05-21,2733.01
931,2018-05-22,2724.44
932,2018-05-23,2733.29
933,2018-05-24,2727.76
934,2018-05-25,2721.33
935,2018-05-28,
936,2018-05-29,2689.86
937,2018-05-30,2724.01
938,2018-05-31,2705.27
939,2018-06-01,2734.62
940,2018-06-04,2746.87
941,2018-06-05,2748.8
942,2018-06-06,2772.35
943,2018-06-07,2770.37
944,2018-06-08,2779.03
945,2018-06-11,2782.0
946,2018-06-12,2786.85
947,2018-06-13,2775.63
948,2018-06-14,2782.49
949,2018-06-15,2779.66
950,2018-06-18,2773.75
951,2018-06-19,2762.59
952,2018-06-20,2767.32
953,2018-06-21,2749.76
954,2018-06-22,2754.88
955,2018-06-25,2717.07
956,2018-06-26,2723.06
957,2018-06-27,2699.63
958,2018-06-28,2716.31
959,2018-06-29,2718.37
960,2018-07-02,2726.71
961,2018-07-03,2713.22
962,2018-07-04,
963,2018-07-05,2736.61
964,2018-07-06,2759.82
965,2018-07-09,2784.17
966,2018-07-10,2793.84
967,2018-07-11,2774.02
968,2018-07-12,2798.29
969,2018-07-13,2801.31
970,2018-07-16,2798.43
971,2018-07-17,2809.55
972,2018-07-18,2815.62
973,2018-07-19,2804.49
974,2018-07-20,2801.83
975,2018-07-23,2806.98
976,2018-07-24,2820.4
977,2018-07-25,2846.07
978,2018-07-26,2837.44
979,2018-07-27,2818.82
980,2018-07-30,2802.6
981,2018-07-31,2816.29
982,2018-08-01,2813.36
983,2018-08-02,2827.22
984,2018-08-03,2840.35
985,2018-08-06,2850.4
986,2018-08-07,2858.45
987,2018-08-08,2857.7
988,2018-08-09,2853.58
989,2018-08-10,2833.28
990,2018-08-13,2821.93
991,2018-08-14,2839.96
992,2018-08-15,2818.37
993,2018-08-16,2840.69
994,2018-08-17,2850.13
995,2018-08-20,2857.05
996,2018-08-21,2862.96
997,2018-08-22,2861.82
998,2018-08-23,2856.98
999,2018-08-24,2874.69
1000,2018-08-27,2896.74
1001,2018-08-28,2897.52
1002,2018-08-29,2914.04
1003,2018-08-30,2901.13
1004,2018-08-31,2901.52
1005,2018-09-03,
1006,2018-09-04,2896.72
1007,2018-09-05,2888.6
1008,2018-09-06,2878.05
1009,2018-09-07,2871.68
1010,2018-09-10,2877.13
1011,2018-09-11,2887.89
1012,2018-09-12,2888.92
1013,2018-09-13,2904.18
1014,2018-09-14,2904.98
1015,2018-09-17,2888.8
1016,2018-09-18,2904.31
1017,2018-09-19,2907.95
1018,2018-09-20,2930.75
1019,2018-09-21,2929.67
1020,2018-09-24,2919.37
1021,2018-09-25,2915.56
1022,2018-09-26,2905.97
1023,2018-09-27,2914.0
1024,2018-09-28,2913.98
1025,2018-10-01,2924.59
1026,2018-10-02,2923.43
1027,2018-10-03,2925.51
1028,2018-10-04,2901.61
1029,2018-10-05,2885.57
1030,2018-10-08,2884.43
1031,2018-10-09,2880.34
1032,2018-10-10,2785.68
1033,2018-10-11,2728.37
1034,2018-10-12,2767.13
1035,2018-10-15,2750.79
1036,2018-10-16,2809.92
1037,2018-10-17,2809.21
1038,2018-10-18,2768.78
1039,2018-10-19,2767.78
1040,2018-10-22,2755.88
1041,2018-10-23,2740.69
1042,2018-10-24,2656.1
1043,2018-10-25,2705.57
1044,2018-10-26,2658.69
1045,2018-10-29,2641.25
1046,2018-10-30,2682.63
1047,2018-10-31,2711.74
1048,2018-11-01,2740.37
1049,2018-11-02,2723.06
1050,2018-11-05,2738.31
1051,2018-11-06,2755.45
1052,2018-11-07,2813.89
1053,2018-11-08,2806.83
1054,2018-11-09,2781.01
1055,2018-11-12,2726.22
1056,2018-11-13,2722.18
1057,2018-11-14,2701.58
1058,2018-11-15,2730.2
1059,2018-11-16,2736.27
1060,2018-11-19,2690.73
1061,2018-11-20,2641.89
1062,2018-11-21,2649.93
1063,2018-11-22,
1064,2018-11-23,2632.56
1065,2018-11-26,2673.45
1066,2018-11-27,2682.17
1067,2018-11-28,2743.79
1068,2018-11-29,2737.76
1069,2018-11-30,2760.17
1070,2018-12-03,2790.37
1071,2018-12-04,2700.06
1072,2018-12-05,
1073,2018-12-06,2695.95
1074,2018-12-07,2633.08
1075,2018-12-10,2637.72
1076,2018-12-11,2636.78
1077,2018-12-12,2651.07
1078,2018-12-13,2650.54
1079,2018-12-14,2599.95
1080,2018-12-17,2545.94
1081,2018-12-18,2546.16
1082,2018-12-19,2506.96
1083,2018-12-20,2467.42
1084,2018-12-21,2416.62
1085,2018-12-24,2351.1
1086,2018-12-25,
1087,2018-12-26,2467.7
1088,2018-12-27,2488.83
1089,2018-12-28,2485.74
1090,2018-12-31,2506.85
1091,2019-01-01,
1092,2019-01-02,2510.03
1093,2019-01-03,2447.89
1094,2019-01-04,2531.94
1095,2019-01-07,2549.69
1096,2019-01-08,2574.41
1097,2019-01-09,2584.96
1098,2019-01-10,2596.64
1099,2019-01-11,2596.26
1100,2019-01-14,2582.61
1101,2019-01-15,2610.3
1102,2019-01-16,2616.1
1103,2019-01-17,2635.96
1104,2019-01-18,2670.71
1105,2019-01-21,
1106,2019-01-22,2632.9
1107,2019-01-23,2638.7
1108,2019-01-24,2642.33
1109,2019-01-25,2664.76
1110,2019-01-28,2643.85
1111,2019-01-29,2640.0
1112,2019-01-30,2681.05
1113,2019-01-31,2704.1
1114,2019-02-01,2706.53
1115,2019-02-04,2724.87
1116,2019-02-05,2737.7
1117,2019-02-06,2731.61
1118,2019-02-07,2706.05
1119,2019-02-08,2707.88
1120,2019-02-11,2709.8
1121,2019-02-12,2744.73
1122,2019-02-13,2753.03
1123,2019-02-14,2745.73
1124,2019-02-15,2775.6
1125,2019-02-18,
1126,2019-02-19,2779.76
1127,2019-02-20,2784.7
1128,2019-02-21,2774.88
1129,2019-02-22,2792.67
1130,2019-02-25,2796.11
1131,2019-02-26,2793.9
1132,2019-02-27,2792.38
1133,2019-02-28,2784.49
1134,2019-03-01,2803.69
1135,2019-03-04,2792.81
1136,2019-03-05,2789.65
1137,2019-03-06,2771.45
1138,2019-03-07,2748.93
1139,2019-03-08,2743.07
1140,2019-03-11,2783.3
1141,2019-03-12,2791.52
1142,2019-03-13,2810.92
1143,2019-03-14,2808.48
1144,2019-03-15,2822.48
1145,2019-03-18,2832.94
1146,2019-03-19,2832.57
1147,2019-03-20,2824.23
1148,2019-03-21,2854.88
1149,2019-03-22,2800.71
1150,2019-03-25,2798.36
1151,2019-03-26,2818.46
1152,2019-03-27,2805.37
1153,2019-03-28,2815.44
1154,2019-03-29,2834.4
1155,2019-04-01,2867.19
1156,2019-04-02,2867.24
1157,2019-04-03,2873.4
1158,2019-04-04,2879.39
1159,2019-04-05,2892.74
1160,2019-04-08,2895.77
1161,2019-04-09,2878.2
1162,2019-04-10,2888.21
1163,2019-04-11,2888.32
1164,2019-04-12,2907.41
1165,2019-04-15,2905.58
1166,2019-04-16,2907.06
1167,2019-04-17,2900.45
1168,2019-04-18,2905.03
1169,2019-04-19,
1170,2019-04-22,2907.97
1171,2019-04-23,2933.68
1172,2019-04-24,2927.25
1173,2019-04-25,2926.17
1174,2019-04-26,2939.88
1175,2019-04-29,2943.03
1176,2019-04-30,2945.83
1177,2019-05-01,2923.73
1178,2019-05-02,2917.52
1179,2019-05-03,2945.64
1180,2019-05-06,2932.47
1181,2019-05-07,2884.05
1182,2019-05-08,2879.42
1183,2019-05-09,2870.72
1184,2019-05-10,2881.4
1185,2019-05-13,2811.87
1186,2019-05-14,2834.41
1187,2019-05-15,2850.96
1188,2019-05-16,2876.32
1189,2019-05-17,2859.53
1190,2019-05-20,2840.23
1191,2019-05-21,2864.36
1192,2019-05-22,2856.27
1193,2019-05-23,2822.24
1194,2019-05-24,2826.06
1195,2019-05-27,
1196,2019-05-28,2802.39
1197,2019-05-29,2783.02
1198,2019-05-30,2788.86
1199,2019-05-31,2752.06
1200,2019-06-03,2744.45
1201,2019-06-04,2803.27
1202,2019-06-05,2826.15
1203,2019-06-06,2843.49
1204,2019-06-07,2873.34
1205,2019-06-10,2886.73
1206,2019-06-11,2885.72
1207,2019-06-12,2879.84
1208,2019-06-13,2891.64
1209,2019-06-14,2886.98
1210,2019-06-17,2889.67
1211,2019-06-18,2917.75
1212,2019-06-19,2926.46
1213,2019-06-20,2954.18
1214,2019-06-21,2950.46
1215,2019-06-24,2945.35
1216,2019-06-25,2917.38
1217,2019-06-26,2913.78
1218,2019-06-27,2924.92
1219,2019-06-28,2941.76
1220,2019-07-01,2964.33
1221,2019-07-02,2973.01
1222,2019-07-03,2995.82
1223,2019-07-04,
1224,2019-07-05,2990.41
1225,2019-07-08,2975.95
1226,2019-07-09,2979.63
1227,2019-07-10,2993.07
1228,2019-07-11,2999.91
1229,2019-07-12,3013.77
1230,2019-07-15,3014.3
1231,2019-07-16,3004.04
1232,2019-07-17,2984.42
1233,2019-07-18,2995.11
1234,2019-07-19,2976.61
1235,2019-07-22,2985.03
1236,2019-07-23,3005.47
1237,2019-07-24,3019.56
1238,2019-07-25,3003.67
1239,2019-07-26,3025.86
1240,2019-07-29,3020.97
1241,2019-07-30,3013.18
1242,2019-07-31,2980.38
1243,2019-08-01,2953.56
1244,2019-08-02,2932.05
1245,2019-08-05,2844.74
1246,2019-08-06,2881.77
1247,2019-08-07,2883.98
1248,2019-08-08,2938.09
1249,2019-08-09,2918.65
1250,2019-08-12,2883.75
1251,2019-08-13,2926.32
1252,2019-08-14,2840.6
1253,2019-08-15,2847.6
1254,2019-08-16,2888.68
1255,2019-08-19,2923.65
1256,2019-08-20,2900.51
1257,2019-08-21,2924.43
1258,2019-08-22,2922.95
1259,2019-08-23,2847.11
1260,2019-08-26,2878.38
1261,2019-08-27,2869.16
1262,2019-08-28,2887.94
1263,2019-08-29,2924.58
1264,2019-08-30,2926.46
1265,2019-09-02,
1266,2019-09-03,2906.27
1267,2019-09-04,2937.78
1268,2019-09-05,2976.0
1269,2019-09-06,2978.71
1270,2019-09-09,2978.43
1271,2019-09-10,2979.39
1272,2019-09-11,3000.93
1273,2019-09-12,3009.57
1274,2019-09-13,3007.39
1275,2019-09-16,2997.96
1276,2019-09-17,3005.7
1277,2019-09-18,3006.73
1278,2019-09-19,3006.79
1279,2019-09-20,2992.07
1280,2019-09-23,2991.78
1281,2019-09-24,2966.6
1282,2019-09-25,2984.87
1283,2019-09-26,2977.62
1284,2019-09-27,2961.79
1285,2019-09-30,2976.74
1286,2019-10-01,2940.25
1287,2019-10-02,2887.61
1288,2019-10-03,2910.63
1289,2019-10-04,2952.01
1290,2019-10-07,2938.79
1291,2019-10-08,2893.06
1292,2019-10-09,2919.4
1293,2019-10-10,2938.13
1294,2019-10-11,2970.27
1295,2019-10-14,2966.15
1296,2019-10-15,2995.68
1297,2019-10-16,2989.69
1298,2019-10-17,2997.95
1299,2019-10-18,2986.2
1300,2019-10-21,3006.72
1301,2019-10-22,2995.99
1302,2019-10-23,3004.52
1303,2019-10-24,3010.29
1304,2019-10-25,3022.55
1305,2019-10-28,3039.42
1306,2019-10-29,3036.89
1307,2019-10-30,3046.77
1308,2019-10-31,3037.56
1309,2019-11-01,3066.91
1310,2019-11-04,3078.27
1311,2019-11-05,3074.62
1312,2019-11-06,3076.78
1313,2019-11-07,3085.18
1314,2019-11-08,3093.08
1315,2019-11-11,3087.01
1316,2019-11-12,3091.84
1317,2019-11-13,3094.04
1318,2019-11-14,3096.63
1319,2019-11-15,3120.46
1320,2019-11-18,3122.03
1321,2019-11-19,3120.18
1322,2019-11-20,3108.46
1323,2019-11-21,3103.54
1324,2019-11-22,3110.29
1325,2019-11-25,3133.64
1326,2019-11-26,3140.52
1327,2019-11-27,3153.63
1328,2019-11-28,
1329,2019-11-29,3140.98
1330,2019-12-02,3113.87
1331,2019-12-03,3093.2
1332,2019-12-04,3112.76
1333,2019-12-05,3117.43
1334,2019-12-06,3145.91
1335,2019-12-09,3135.96
1336,2019-12-10,3132.52
1337,2019-12-11,3141.63
1338,2019-12-12,3168.57
1339,2019-12-13,3168.8
1340,2019-12-16,3191.45
1341,2019-12-17,3192.52
1342,2019-12-18,3191.14
1343,2019-12-19,3205.37
1344,2019-12-20,3221.22
1345,2019-12-23,3224.01
1346,2019-12-24,3223.38
1347,2019-12-25,
1348,2019-12-26,3239.91
1349,2019-12-27,3240.02
1350,2019-12-30,3221.29
1351,2019-12-31,3230.78
1352,2020-01-01,
1353,2020-01-02,3257.85
1354,2020-01-03,3234.85
1355,2020-01-06,3246.28
1356,2020-01-07,3237.18
1357,2020-01-08,3253.05
1358,2020-01-09,3274.7
1359,2020-01-10,3265.35
1360,2020-01-13,3288.13
1361,2020-01-14,3283.15
1362,2020-01-15,3289.29
1363,2020-01-16,3316.81
1364,2020-01-17,3329.62
1365,2020-01-20,
1366,2020-01-21,3320.79
1367,2020-01-22,3321.75
1368,2020-01-23,3325.54
1369,2020-01-24,3295.47
1370,2020-01-27,3243.63
1371,2020-01-28,3276.24
1372,2020-01-29,3273.4
1373,2020-01-30,3283.66
1374,2020-01-31,3225.52
1375,2020-02-03,3248.92
1376,2020-02-04,3297.59
1377,2020-02-05,3334.69
1378,2020-02-06,3345.78
1379,2020-02-07,3327.71
1380,2020-02-10,3352.09
1381,2020-02-11,3357.75
1382,2020-02-12,3379.45
1383,2020-02-13,3373.94
1384,2020-02-14,3380.16
1385,2020-02-17,
1386,2020-02-18,3370.29
1387,2020-02-19,3386.15
1388,2020-02-20,3373.23
1389,2020-02-21,3337.75
1390,2020-02-24,3225.89
1391,2020-02-25,3128.21
1392,2020-02-26,3116.39
1393,2020-02-27,2978.76
1394,2020-02-28,2954.22
1395,2020-03-02,3090.23
1396,2020-03-03,3003.37
1397,2020-03-04,3130.12
1398,2020-03-05,3023.94
1399,2020-03-06,2972.37
1400,2020-03-09,2746.56
1401,2020-03-10,2882.23
1402,2020-03-11,2741.38
1403,2020-03-12,2480.64
1404,2020-03-13,2711.02
1405,2020-03-16,2386.13
1406,2020-03-17,2529.19
1407,2020-03-18,2398.1
1408,2020-03-19,2409.39
1409,2020-03-20,2304.92
1410,2020-03-23,2237.4
1411,2020-03-24,2447.33
1412,2020-03-25,2475.56
1413,2020-03-26,2630.07
1414,2020-03-27,2541.47
1415,2020-03-30,2626.65
1416,2020-03-31,2584.59
1417,2020-04-01,2470.5
1418,2020-04-02,2526.9
1419,2020-04-03,2488.65
1420,2020-04-06,2663.68
1421,2020-04-07,2659.41
1422,2020-04-08,2749.98
1423,2020-04-09,2789.82
1424,2020-04-10,
1425,2020-04-13,2761.63
1426,2020-04-14,2846.06
1427,2020-04-15,2783.36
1428,2020-04-16,2799.55
1429,2020-04-17,2874.56
1430,2020-04-20,2823.16
1431,2020-04-21,2736.56
1432,2020-04-22,2799.31
1433,2020-04-23,2797.8
1434,2020-04-24,2836.74
1435,2020-04-27,2878.48
1436,2020-04-28,2863.39
1437,2020-04-29,2939.51
1438,2020-04-30,2912.43
1439,2020-05-01,2830.71
1440,2020-05-04,2842.74
1441,2020-05-05,2868.44
1442,2020-05-06,2848.42
1443,2020-05-07,2881.19
1444,2020-05-08,2929.8
1445,2020-05-11,2930.32
1446,2020-05-12,2870.12
1447,2020-05-13,2820.0
1448,2020-05-14,2852.5
1449,2020-05-15,2863.7
1450,2020-05-18,2953.91
1451,2020-05-19,2922.94
1452,2020-05-20,2971.61
1453,2020-05-21,2948.51
1454,2020-05-22,2955.45
1455,2020-05-25,
1456,2020-05-26,2991.77
1457,2020-05-27,3036.13
1458,2020-05-28,3029.73
1459,2020-05-29,3044.31
1460,2020-06-01,3055.73
1461,2020-06-02,3080.82
1462,2020-06-03,3122.87
1463,2020-06-04,3112.35
1464,2020-06-05,3193.93
1465,2020-06-08,3232.39
1466,2020-06-09,3207.18
1467,2020-06-10,3190.14
1468,2020-06-11,3002.1
1469,2020-06-12,3041.31
1470,2020-06-15,3066.59
1471,2020-06-16,3124.74
1472,2020-06-17,3113.49
1473,2020-06-18,3115.34
1474,2020-06-19,3097.74
1475,2020-06-22,3117.86
1476,2020-06-23,3131.29
1477,2020-06-24,3050.33
1478,2020-06-25,3083.76
1479,2020-06-26,3009.05
1480,2020-06-29,3053.24
1481,2020-06-30,3100.29
1482,2020-07-01,3115.86
1483,2020-07-02,3130.01
1484,2020-07-03,
1485,2020-07-06,3179.72
1486,2020-07-07,3145.32
1487,2020-07-08,3169.94
1488,2020-07-09,3152.05
1489,2020-07-10,3185.04
1490,2020-07-13,3155.22
1491,2020-07-14,3197.52
1492,2020-07-15,3226.56
1493,2020-07-16,3215.57
1494,2020-07-17,3224.73
1495,2020-07-20,3251.84
1496,2020-07-21,3257.3
1497,2020-07-22,3276.02
1498,2020-07-23,3235.66
1499,2020-07-24,3215.63
1500,2020-07-27,3239.41
1501,2020-07-28,3218.44
1502,2020-07-29,3258.44
1503,2020-07-30,3246.22
1504,2020-07-31,3271.12
1505,2020-08-03,3294.61
1506,2020-08-04,3306.51
1507,2020-08-05,3327.77
1508,2020-08-06,3349.16
1509,2020-08-07,3351.28
1510,2020-08-10,3360.47
1511,2020-08-11,3333.69
1512,2020-08-12,3380.35
1513,2020-08-13,3373.43
1514,2020-08-14,3372.85
1515,2020-08-17,3381.99
1516,2020-08-18,3389.78
1517,2020-08-19,3374.85
1518,2020-08-20,3385.51
1519,2020-08-21,3397.16
1520,2020-08-24,3431.28
1521,2020-08-25,3443.62
1522,2020-08-26,3478.73
1523,2020-08-27,3484.55
1524,2020-08-28,3508.01
1525,2020-08-31,3500.31
1526,2020-09-01,3526.65
1527,2020-09-02,3580.84
1528,2020-09-03,3455.06
1529,2020-09-04,3426.96
1530,2020-09-07,
1531,2020-09-08,3331.84
1532,2020-09-09,3398.96
1533,2020-09-10,3339.19
1534,2020-09-11,3340.97
1535,2020-09-14,3383.54
1536,2020-09-15,3401.2
1537,2020-09-16,3385.49
1538,2020-09-17,3357.01
1539,2020-09-18,3319.47
1540,2020-09-21,3281.06
1541,2020-09-22,3315.57
1542,2020-09-23,3236.92
1543,2020-09-24,3246.59
1544,2020-09-25,3298.46
1545,2020-09-28,3351.6
1546,2020-09-29,3335.47
1547,2020-09-30,3363.0
1548,2020-10-01,3380.8
1549,2020-10-02,3348.44
1550,2020-10-05,3408.63
1551,2020-10-06,3360.95
1552,2020-10-07,3419.45
1553,2020-10-08,3446.83
1554,2020-10-09,3477.13
1555,2020-10-12,3534.22
1556,2020-10-13,3511.93
1557,2020-10-14,3488.67
1558,2020-10-15,3483.34
1559,2020-10-16,3483.81
1560,2020-10-19,3426.92
1561,2020-10-20,3443.12
1562,2020-10-21,3435.56
1563,2020-10-22,3453.49
1564,2020-10-23,3465.39
1565,2020-10-26,3400.97
1566,2020-10-27,3390.68
1567,2020-10-28,3271.03
1568,2020-10-29,3310.11
1569,2020-10-30,3269.96
1570,2020-11-02,3310.24
1571,2020-11-03,3369.16
1572,2020-11-04,3443.44
1573,2020-11-05,3510.45
1574,2020-11-06,3509.44
1575,2020-11-09,3550.5
1576,2020-11-10,3545.53
1577,2020-11-11,3572.66
1578,2020-11-12,3537.01
1579,2020-11-13,3585.15
1580,2020-11-16,3626.91
1581,2020-11-17,3609.53
1582,2020-11-18,3567.79
1583,2020-11-19,3581.87
1584,2020-11-20,3557.54
1585,2020-11-23,3577.59
1586,2020-11-24,3635.41
1587,2020-11-25,3629.65
1588,2020-11-26,
1589,2020-11-27,3638.35
1590,2020-11-30,3621.63
1591,2020-12-01,3662.45
1592,2020-12-02,3669.01
1593,2020-12-03,3666.72
1594,2020-12-04,3699.12
1595,2020-12-07,3691.96
1596,2020-12-08,3702.25
1597,2020-12-09,3672.82
1598,2020-12-10,3668.1
1599,2020-12-11,3663.46
1600,2020-12-14,3647.49
1601,2020-12-15,3694.62
1602,2020-12-16,3701.17
1603,2020-12-17,3722.48
1604,2020-12-18,3709.41
1605,2020-12-21,3694.92
1606,2020-12-22,3687.26
1607,2020-12-23,3690.01
1608,2020-12-24,3703.06
1609,2020-12-25,
1610,2020-12-28,3735.36
1611,2020-12-29,3727.04
1612,2020-12-30,3732.04
1613,2020-12-31,3756.07
1614,2021-01-01,
1615,2021-01-04,3700.65
1616,2021-01-05,3726.86
1617,2021-01-06,3748.14
1618,2021-01-07,3803.79
1619,2021-01-08,3824.68
1620,2021-01-11,3799.61
1621,2021-01-12,3801.19
1622,2021-01-13,3809.84
1623,2021-01-14,3795.54
1624,2021-01-15,3768.25
1625,2021-01-18,
1626,2021-01-19,3798.91
1627,2021-01-20,3851.85
1628,2021-01-21,3853.07
1629,2021-01-22,3841.47
1630,2021-01-25,3855.36
1631,2021-01-26,3849.62
1632,2021-01-27,3750.77
1633,2021-01-28,3787.38
1634,2021-01-29,3714.24
1635,2021-02-01,3773.86
1636,2021-02-02,3826.31
1637,2021-02-03,3830.17
1638,2021-02-04,3871.74
1639,2021-02-05,3886.83
1640,2021-02-08,3915.59
1641,2021-02-09,3911.23
1642,2021-02-10,3909.88
1643,2021-02-11,3916.38
1644,2021-02-12,3934.83
1645,2021-02-15,
1646,2021-02-16,3932.59
1647,2021-02-17,3931.33
1648,2021-02-18,3913.97
1649,2021-02-19,3906.71
1650,2021-02-22,3876.5
1651,2021-02-23,3881.37
1652,2021-02-24,3925.43
1653,2021-02-25,3829.34
1654,2021-02-26,3811.15
1655,2021-03-01,3901.82
1656,2021-03-02,3870.29
1657,2021-03-03,3819.72
1658,2021-03-04,3768.47
1659,2021-03-05,3841.94
1660,2021-03-08,3821.35
1661,2021-03-09,3875.44
1662,2021-03-10,3898.81
1663,2021-03-11,3939.34
1664,2021-03-12,3943.34
1665,2021-03-15,3968.94
1666,2021-03-16,3962.71
1667,2021-03-17,3974.12
1668,2021-03-18,3915.46
1669,2021-03-19,3913.1
1670,2021-03-22,3940.59
1671,2021-03-23,3910.52
1672,2021-03-24,3889.14
1673,2021-03-25,3909.52
1674,2021-03-26,3974.54
1675,2021-03-29,3971.09
1676,2021-03-30,3958.55
1677,2021-03-31,3972.89
1678,2021-04-01,4019.87
1679,2021-04-02,
1680,2021-04-05,4077.91
1681,2021-04-06,4073.94
1682,2021-04-07,4079.95
1683,2021-04-08,4097.17
1684,2021-04-09,4128.8
1685,2021-04-12,4127.99
1686,2021-04-13,4141.59
1687,2021-04-14,4124.66
1688,2021-04-15,4170.42
1689,2021-04-16,4185.47
1690,2021-04-19,4163.26
1691,2021-04-20,4134.94
1692,2021-04-21,4173.42
1693,2021-04-22,4134.98
1694,2021-04-23,4180.17
1695,2021-04-26,4187.62
1696,2021-04-27,4186.72
1697,2021-04-28,4183.18
1698,2021-04-29,4211.47
1699,2021-04-30,4181.17
1700,2021-05-03,4192.66
1701,2021-05-04,4164.66
1702,2021-05-05,4167.59
1703,2021-05-06,4201.62
1704,2021-05-07,4232.6
1705,2021-05-10,4188.43
1706,2021-05-11,4152.1
1707,2021-05-12,4063.04
1708,2021-05-13,4112.5
1709,2021-05-14,4173.85
1710,2021-05-17,4163.29
1711,2021-05-18,4127.83
1712,2021-05-19,4115.68
1713,2021-05-20,4159.12
1714,2021-05-21,4155.86
1715,2021-05-24,4197.05
1716,2021-05-25,4188.13
1717,2021-05-26,4195.99
1718,2021-05-27,4200.88
1719,2021-05-28,4204.11
1720,2021-05-31,
1721,2021-06-01,4202.04
1722,2021-06-02,4208.12
1723,2021-06-03,4192.85
1724,2021-06-04,4229.89
1725,2021-06-07,4226.52
1726,2021-06-08,4227.26
1727,2021-06-09,4219.55
1728,2021-06-10,4239.18
1729,2021-06-11,4247.44
1730,2021-06-14,4255.15
1731,2021-06-15,4246.59
1732,2021-06-16,4223.7
1733,2021-06-17,4221.86
1734,2021-06-18,4166.45
1735,2021-06-21,4224.79
1736,2021-06-22,4246.44
1737,2021-06-23,4241.84
1738,2021-06-24,4266.49
1739,2021-06-25,4280.7
1740,2021-06-28,4290.61
1741,2021-06-29,4291.8
1742,2021-06-30,4297.5
1743,2021-07-01,4319.94
1744,2021-07-02,4352.34
1745,2021-07-05,
1746,2021-07-06,4343.54
1747,2021-07-07,4358.13
1748,2021-07-08,4320.82
1749,2021-07-09,4369.55
1750,2021-07-12,4384.63
1751,2021-07-13,4369.21
1752,2021-07-14,4374.3
1753,2021-07-15,4360.03
1754,2021-07-16,4327.16
1755,2021-07-19,4258.49
1756,2021-07-20,4323.06
1757,2021-07-21,4358.69
1758,2021-07-22,4367.48
1759,2021-07-23,4411.79
1760,2021-07-26,4422.3
1761,2021-07-27,4401.46
1762,2021-07-28,4400.64
1763,2021-07-29,4419.15
1764,2021-07-30,4395.26
1765,2021-08-02,4387.16
1766,2021-08-03,4423.15
1767,2021-08-04,4402.66
1768,2021-08-05,4429.1
1769,2021-08-06,4436.52
1770,2021-08-09,4432.35
1771,2021-08-10,4436.75
1772,2021-08-11,4447.7
1773,2021-08-12,4460.83
1774,2021-08-13,4468.0
1775,2021-08-16,4479.71
1776,2021-08-17,4448.08
1777,2021-08-18,4400.27
1778,2021-08-19,4405.8
1779,2021-08-20,4441.67
1780,2021-08-23,4479.53
1781,2021-08-24,4486.23
1782,2021-08-25,4496.19
1783,2021-08-26,4470.0
1784,2021-08-27,4509.37
1785,2021-08-30,4528.79
1786,2021-08-31,4522.68
1787,2021-09-01,4524.09
1788,2021-09-02,4536.95
1789,2021-09-03,4535.43
1790,2021-09-06,
1791,2021-09-07,4520.03
1792,2021-09-08,4514.07
1793,2021-09-09,4493.28
1794,2021-09-10,4458.58
1795,2021-09-13,4468.73
1796,2021-09-14,4443.05
1797,2021-09-15,4480.7
1798,2021-09-16,4473.75
1799,2021-09-17,4432.99
1800,2021-09-20,4357.73
1801,2021-09-21,4354.19
1802,2021-09-22,4395.64
1803,2021-09-23,4448.98
1804,2021-09-24,4455.48
1805,2021-09-27,4443.11
1806,2021-09-28,4352.63
1807,2021-09-29,4359.46
1808,2021-09-30,4307.54
1809,2021-10-01,4357.04
1810,2021-10-04,4300.46
1811,2021-10-05,4345.72
1812,2021-10-06,4363.55
1813,2021-10-07,4399.76
1814,2021-10-08,4391.34
1815,2021-10-11,4361.19
1816,2021-10-12,4350.65
1817,2021-10-13,4363.8
1818,2021-10-14,4438.26
1819,2021-10-15,4471.37
1820,2021-10-18,4486.46
1821,2021-10-19,4519.63
1822,2021-10-20,4536.19
1823,2021-10-21,4549.78
1824,2021-10-22,4544.9
1825,2021-10-25,4566.48
1826,2021-10-26,4574.79
1827,2021-10-27,4551.68
1828,2021-10-28,4596.42
1829,2021-10-29,4605.38
1830,2021-11-01,4613.67
1831,2021-11-02,4630.65
1832,2021-11-03,4660.57
1833,2021-11-04,4680.06
1834,2021-11-05,4697.53
1835,2021-11-08,4701.7
1836,2021-11-09,4685.25
1837,2021-11-10,4646.71
1838,2021-11-11,4649.27
1839,2021-11-12,4682.85
1840,2021-11-15,4682.8
1841,2021-11-16,4700.9
1842,2021-11-17,4688.67
1843,2021-11-18,4704.54
1844,2021-11-19,4697.96
1845,2021-11-22,4682.94
1846,2021-11-23,4690.7
1847,2021-11-24,4701.46
1848,2021-11-25,
1849,2021-11-26,4594.62
1850,2021-11-29,4655.27
1851,2021-11-30,4567.0
1852,2021-12-01,4513.04
1853,2021-12-02,4577.1
1854,2021-12-03,4538.43
1855,2021-12-06,4591.67
1856,2021-12-07,4686.75
1857,2021-12-08,4701.21
1858,2021-12-09,4667.45
1859,2021-12-10,4712.02
1860,2021-12-13,4668.97
1861,2021-12-14,4634.09
1862,2021-12-15,4709.85
1863,2021-12-16,4668.67
1864,2021-12-17,4620.64
1865,2021-12-20,4568.02
1866,2021-12-21,4649.23
1867,2021-12-22,4696.56
1868,2021-12-23,4725.79
1869,2021-12-24,
1870,2021-12-27,4791.19
1871,2021-12-28,4786.35
1872,2021-12-29,4793.06
1873,2021-12-30,4778.73
1874,2021-12-31,4766.18
1875,2022-01-03,4796.56
1876,2022-01-04,4793.54
1877,2022-01-05,4700.58
1878,2022-01-06,4696.05
1879,2022-01-07,4677.03
1880,2022-01-10,4670.29
1881,2022-01-11,4713.07
1882,2022-01-12,4726.35
1883,2022-01-13,4659.03
1884,2022-01-14,4662.85
1885,2022-01-17,
1886,2022-01-18,4577.11
1887,2022-01-19,4532.76
1888,2022-01-20,4482.73
1889,2022-01-21,4397.94
1890,2022-01-24,4410.13
1891,2022-01-25,4356.45
1892,2022-01-26,4349.93
1893,2022-01-27,4326.51
1894,2022-01-28,4431.85
1895,2022-01-31,4515.55
1896,2022-02-01,4546.54
1897,2022-02-02,4589.38
1898,2022-02-03,4477.44
1899,2022-02-04,4500.53
1900,2022-02-07,4483.87
1901,2022-02-08,4521.54
1902,2022-02-09,4587.18
1903,2022-02-10,4504.08
1904,2022-02-11,4418.64
1905,2022-02-14,4401.67
1906,2022-02-15,4471.07
1907,2022-02-16,4475.01
1908,2022-02-17,4380.26
1909,2022-02-18,4348.87
1910,2022-02-21,
1911,2022-02-22,4304.76
1912,2022-02-23,4225.5
1913,2022-02-24,4288.7
1914,2022-02-25,4384.65
1915,2022-02-28,4373.94
1916,2022-03-01,4306.26
1917,2022-03-02,4386.54
1918,2022-03-03,4363.49
1919,2022-03-04,4328.87
1920,2022-03-07,4201.09
1921,2022-03-08,4170.7
1922,2022-03-09,4277.88
1923,2022-03-10,4259.52
1924,2022-03-11,4204.31
1925,2022-03-14,4173.11
1926,2022-03-15,4262.45
1927,2022-03-16,4357.86
1928,2022-03-17,4411.67
1929,2022-03-18,4463.12
1930,2022-03-21,4461.18
1931,2022-03-22,4511.61
1932,2022-03-23,4456.24
1933,2022-03-24,4520.16
1934,2022-03-25,4543.06
1935,2022-03-28,4575.52
1936,2022-03-29,4631.6
1937,2022-03-30,4602.45
1938,2022-03-31,4530.41
1939,2022-04-01,4545.86
1940,2022-04-04,4582.64
1941,2022-04-05,4525.12
1942,2022-04-06,4481.15
1943,2022-04-07,4500.21
1944,2022-04-08,4488.28
1945,2022-04-11,4412.53
1946,2022-04-12,4397.45
1947,2022-04-13,4446.59
1948,2022-04-14,4392.59
1949,2022-04-15,
1950,2022-04-18,4391.69
1951,2022-04-19,4462.21
1952,2022-04-20,4459.45
1953,2022-04-21,4393.66
1954,2022-04-22,4271.78
1955,2022-04-25,4296.12
1956,2022-04-26,4175.2
1957,2022-04-27,4183.96
1958,2022-04-28,4287.5
1959,2022-04-29,4131.93
1960,2022-05-02,4155.38
1961,2022-05-03,4175.48
1962,2022-05-04,4300.17
1963,2022-05-05,4146.87
1964,2022-05-06,4123.34
1965,2022-05-09,3991.24
1966,2022-05-10,4001.05
1967,2022-05-11,3935.18
1968,2022-05-12,3930.08
1969,2022-05-13,4023.89
1970,2022-05-16,4008.01
1971,2022-05-17,4088.85
1972,2022-05-18,3923.68
1973,2022-05-19,3900.79
1974,2022-05-20,3901.36
1975,2022-05-23,3973.75
1976,2022-05-24,3941.48
1977,2022-05-25,3978.73
1978,2022-05-26,4057.84
1979,2022-05-27,4158.24
1980,2022-05-30,
1981,2022-05-31,4132.15
1982,2022-06-01,4101.23
1983,2022-06-02,4176.82
1984,2022-06-03,4108.54
1985,2022-06-06,4121.43
1986,2022-06-07,4160.68
1987,2022-06-08,4115.77
1988,2022-06-09,4017.82
1989,2022-06-10,3900.86
1990,2022-06-13,3749.63
1991,2022-06-14,3735.48
1992,2022-06-15,3789.99
1993,2022-06-16,3666.77
1994,2022-06-17,3674.84
1995,2022-06-20,
1996,2022-06-21,3764.79
1997,2022-06-22,3759.89
1998,2022-06-23,3795.73
1999,2022-06-24,3911.74
2000,2022-06-27,3900.11
2001,2022-06-28,3821.55
2002,2022-06-29,3818.83
2003,2022-06-30,3785.38
2004,2022-07-01,3825.33
2005,2022-07-04,
2006,2022-07-05,3831.39
2007,2022-07-06,3845.08
2008,2022-07-07,3902.62
2009,2022-07-08,3899.38
2010,2022-07-11,3854.43
2011,2022-07-12,3818.8
2012,2022-07-13,3801.78
2013,2022-07-14,3790.38
2014,2022-07-15,3863.16
2015,2022-07-18,3830.85
2016,2022-07-19,3936.69
2017,2022-07-20,3959.9
2018,2022-07-21,3998.95
2019,2022-07-22,3961.63
2020,2022-07-25,3966.84
2021,2022-07-26,3921.05
2022,2022-07-27,4023.61
2023,2022-07-28,4072.43
2024,2022-07-29,4130.29
2025,2022-08-01,4118.63
2026,2022-08-02,4091.19
2027,2022-08-03,4155.17
2028,2022-08-04,4151.94
2029,2022-08-05,4145.19
2030,2022-08-08,4140.06
2031,2022-08-09,4122.47
2032,2022-08-10,4210.24
2033,2022-08-11,4207.27
2034,2022-08-12,4280.15
2035,2022-08-15,4297.14
2036,2022-08-16,4305.2
2037,2022-08-17,4274.04
2038,2022-08-18,4283.74
2039,2022-08-19,4228.48
2040,2022-08-22,4137.99
2041,2022-08-23,4128.73
2042,2022-08-24,4140.77
2043,2022-08-25,4199.12
2044,2022-08-26,4057.66
2045,2022-08-29,4030.61
2046,2022-08-30,3986.16
2047,2022-08-31,3955.0
2048,2022-09-01,3966.85
2049,2022-09-02,3924.26
2050,2022-09-05,
2051,2022-09-06,3908.19
2052,2022-09-07,3979.87
2053,2022-09-08,4006.18
2054,2022-09-09,4067.36
2055,2022-09-12,4110.41
2056,2022-09-13,3932.69
2057,2022-09-14,3946.01
2058,2022-09-15,3901.35
2059,2022-09-16,3873.33
2060,2022-09-19,3899.89
2061,2022-09-20,3855.93
2062,2022-09-21,3789.93
2063,2022-09-22,3757.99
2064,2022-09-23,3693.23
2065,2022-09-26,3655.04
2066,2022-09-27,3647.29
2067,2022-09-28,3719.04
2068,2022-09-29,3640.47
2069,2022-09-30,3585.62
2070,2022-10-03,3678.43
2071,2022-10-04,3790.93
2072,2022-10-05,3783.28
2073,2022-10-06,3744.52
2074,2022-10-07,3639.66
2075,2022-10-10,3612.39
2076,2022-10-11,3588.84
2077,2022-10-12,3577.03
2078,2022-10-13,3669.91
2079,2022-10-14,3583.07
2080,2022-10-17,3677.95
2081,2022-10-18,3719.98
2082,2022-10-19,3695.16
2083,2022-10-20,3665.78
2084,2022-10-21,3752.75
2085,2022-10-24,3797.34
2086,2022-10-25,3859.11
2087,2022-10-26,3830.6
2088,2022-10-27,3807.3
2089,2022-10-28,3901.06
2090,2022-10-31,3871.98
2091,2022-11-01,3856.1
2092,2022-11-02,3759.69
2093,2022-11-03,3719.89
2094,2022-11-04,3770.55
2095,2022-11-07,3806.8
2096,2022-11-08,3828.11
2097,2022-11-09,3748.57
2098,2022-11-10,3956.37
2099,2022-11-11,3992.93
2100,2022-11-14,3957.25
2101,2022-11-15,3991.73
2102,2022-11-16,3958.79
2103,2022-11-17,3946.56
2104,2022-11-18,3965.34
2105,2022-11-21,3949.94
2106,2022-11-22,4003.58
2107,2022-11-23,4027.26
2108,2022-11-24,
2109,2022-11-25,4026.12
2110,2022-11-28,3963.94
2111,2022-11-29,3957.63
2112,2022-11-30,4080.11
2113,2022-12-01,4076.57
2114,2022-12-02,4071.7
2115,2022-12-05,3998.84
2116,2022-12-06,3941.26
2117,2022-12-07,3933.92
2118,2022-12-08,3963.51
2119,2022-12-09,3934.38
2120,2022-12-12,3990.56
2121,2022-12-13,4019.65
2122,2022-12-14,3995.32
2123,2022-12-15,3895.75
2124,2022-12-16,3852.36
2125,2022-12-19,3817.66
2126,2022-12-20,3821.62
2127,2022-12-21,3878.44
2128,2022-12-22,3822.39
2129,2022-12-23,3844.82
2130,2022-12-26,
2131,2022-12-27,3829.25
2132,2022-12-28,3783.22
2133,2022-12-29,3849.28
2134,2022-12-30,3839.5
2135,2023-01-02,
2136,2023-01-03,3824.14
2137,2023-01-04,3852.97
2138,2023-01-05,3808.1
2139,2023-01-06,3895.08
2140,2023-01-09,3892.09
2141,2023-01-10,3919.25
2142,2023-01-11,3969.61
2143,2023-01-12,3983.17
2144,2023-01-13,3999.09
2145,2023-01-16,
2146,2023-01-17,3990.97
2147,2023-01-18,3928.86
2148,2023-01-19,3898.85
2149,2023-01-20,3972.61
2150,2023-01-23,4019.81
2151,2023-01-24,4016.95
2152,2023-01-25,4016.22
2153,2023-01-26,4060.43
2154,2023-01-27,4070.56
2155,2023-01-30,4017.77
2156,2023-01-31,4076.6
2157,2023-02-01,4119.21
2158,2023-02-02,4179.76
2159,2023-02-03,4136.48
2160,2023-02-06,4111.08
2161,2023-02-07,4164.0
2162,2023-02-08,4117.86
2163,2023-02-09,4081.5
2164,2023-02-10,4090.46
2165,2023-02-13,4137.29
2166,2023-02-14,4136.13
2167,2023-02-15,4147.6
2168,2023-02-16,4090.41
2169,2023-02-17,4079.09
2170,2023-02-20,
2171,2023-02-21,3997.34
2172,2023-02-22,3991.05
2173,2023-02-23,4012.32
2174,2023-02-24,3970.04
2175,2023-02-27,3982.24
2176,2023-02-28,3970.15
2177,2023-03-01,3951.39
2178,2023-03-02,3981.35
2179,2023-03-03,4045.64
2180,2023-03-06,4048.42
2181,2023-03-07,3986.37
2182,2023-03-08,3992.01
2183,2023-03-09,3918.32
2184,2023-03-10,3861.59
2185,2023-03-13,3855.76
2186,2023-03-14,3919.29
2187,2023-03-15,3891.93
2188,2023-03-16,3960.28
2189,2023-03-17,3916.64
2190,2023-03-20,3951.57
2191,2023-03-21,4002.87
2192,2023-03-22,3936.97
2193,2023-03-23,3948.72
2194,2023-03-24,3970.99
2195,2023-03-27,3977.53
2196,2023-03-28,3971.27
2197,2023-03-29,4027.81
2198,2023-03-30,4050.83
2199,2023-03-31,4109.31
2200,2023-04-03,4124.51
2201,2023-04-04,4100.6
2202,2023-04-05,4090.38
2203,2023-04-06,4105.02
2204,2023-04-07,
2205,2023-04-10,4109.11
2206,2023-04-11,4108.94
2207,2023-04-12,4091.95
2208,2023-04-13,4146.22
2209,2023-04-14,4137.64
2210,2023-04-17,4151.32
2211,2023-04-18,4154.87
2212,2023-04-19,4154.52
2213,2023-04-20,4129.79
2214,2023-04-21,4133.52
2215,2023-04-24,4137.04
2216,2023-04-25,4071.63
2217,2023-04-26,4055.99
2218,2023-04-27,4135.35
2219,2023-04-28,4169.48
2220,2023-05-01,4167.87
2221,2023-05-02,4119.58
2222,2023-05-03,4090.75
2223,2023-05-04,4061.22
2224,2023-05-05,4136.25
2225,2023-05-08,4138.12
2226,2023-05-09,4119.17
2227,2023-05-10,4137.64
2228,2023-05-11,4130.62
2229,2023-05-12,4124.08
2230,2023-05-15,4136.28
2231,2023-05-16,4109.9
2232,2023-05-17,4158.77
2233,2023-05-18,4198.05
2234,2023-05-19,4191.98
2235,2023-05-22,4192.63
2236,2023-05-23,4145.58
2237,2023-05-24,4115.24
2238,2023-05-25,4151.28
2239,2023-05-26,4205.45
2240,2023-05-29,
2241,2023-05-30,4205.52
2242,2023-05-31,4179.83
2243,2023-06-01,4221.02
2244,2023-06-02,4282.37
2245,2023-06-05,4273.79
2246,2023-06-06,4283.85
2247,2023-06-07,4267.52
2248,2023-06-08,4293.93
2249,2023-06-09,4298.86
2250,2023-06-12,4338.93
2251,2023-06-13,4369.01
2252,2023-06-14,4372.59
2253,2023-06-15,4425.84
2254,2023-06-16,4409.59
2255,2023-06-19,
2256,2023-06-20,4388.71
2257,2023-06-21,4365.69
2258,2023-06-22,4381.89
2259,2023-06-23,4348.33
2260,2023-06-26,4328.82
2261,2023-06-27,4378.41
2262,2023-06-28,4376.86
2263,2023-06-29,4396.44
2264,2023-06-30,4450.38
2265,2023-07-03,4455.59
2266,2023-07-04,
2267,2023-07-05,4446.82
2268,2023-07-06,4411.59
2269,2023-07-07,4398.95
2270,2023-07-10,4409.53
2271,2023-07-11,4439.26
2272,2023-07-12,4472.16
2273,2023-07-13,4510.04
2274,2023-07-14,4505.42
2275,2023-07-17,4522.79
2276,2023-07-18,4554.98
2277,2023-07-19,4565.72
2278,2023-07-20,4534.87
2279,2023-07-21,4536.34
2280,2023-07-24,4554.64
2281,2023-07-25,4567.46
2282,2023-07-26,4566.75
2283,2023-07-27,4537.41
2284,2023-07-28,4582.23
2285,2023-07-31,4588.96
2286,2023-08-01,4576.73
2287,2023-08-02,4513.39
2288,2023-08-03,4501.89
2289,2023-08-04,4478.03
2290,2023-08-07,4518.44
2291,2023-08-08,4499.38
2292,2023-08-09,4467.71
2293,2023-08-10,4468.83
2294,2023-08-11,4464.05
2295,2023-08-14,4489.72
2296,2023-08-15,4437.86
2297,2023-08-16,4404.33
2298,2023-08-17,4370.36
2299,2023-08-18,4369.71
2300,2023-08-21,4399.77
2301,2023-08-22,4387.55
2302,2023-08-23,4436.01
2303,2023-08-24,4376.31
2304,2023-08-25,4405.71
2305,2023-08-28,4433.31
2306,2023-08-29,4497.63
2307,2023-08-30,4514.87
2308,2023-08-31,4507.66
2309,2023-09-01,4515.77
2310,2023-09-04,
2311,2023-09-05,4496.83
2312,2023-09-06,4465.48
2313,2023-09-07,4451.14
2314,2023-09-08,4457.49
2315,2023-09-11,4487.46
2316,2023-09-12,4461.9
2317,2023-09-13,4467.44
2318,2023-09-14,4505.1
2319,2023-09-15,4450.32
2320,2023-09-18,4453.53
2321,2023-09-19,4443.95
2322,2023-09-20,4402.2
2323,2023-09-21,4330.0
2324,2023-09-22,4320.06
2325,2023-09-25,4337.44
2326,2023-09-26,4273.53
2327,2023-09-27,4274.51
2328,2023-09-28,4299.7
2329,2023-09-29,4288.05
2330,2023-10-02,4288.39
2331,2023-10-03,4229.45
2332,2023-10-04,4263.75
2333,2023-10-05,4258.19
2334,2023-10-06,4308.5
2335,2023-10-09,4335.66
2336,2023-10-10,4358.24
2337,2023-10-11,4376.95
2338,2023-10-12,4349.61
2339,2023-10-13,4327.78
2340,2023-10-16,4373.63
2341,2023-10-17,4373.2
2342,2023-10-18,4314.6
2343,2023-10-19,4278.0
2344,2023-10-20,4224.16
2345,2023-10-23,4217.04
2346,2023-10-24,4247.68
2347,2023-10-25,4186.77
2348,2023-10-26,4137.23
2349,2023-10-27,4117.37
2350,2023-10-30,4166.82
2351,2023-10-31,4193.8
2352,2023-11-01,4237.86
2353,2023-11-02,4317.78
2354,2023-11-03,4358.34
2355,2023-11-06,4365.98
2356,2023-11-07,4378.38
2357,2023-11-08,4382.78
2358,2023-11-09,4347.35
2359,2023-11-10,4415.24
2360,2023-11-13,4411.55
2361,2023-11-14,4495.7
2362,2023-11-15,4502.88
2363,2023-11-16,4508.24
2364,2023-11-17,4514.02
2365,2023-11-20,4547.38
2366,2023-11-21,4538.19
2367,2023-11-22,4556.62
2368,2023-11-23,
2369,2023-11-24,4559.34
2370,2023-11-27,4550.43
2371,2023-11-28,4554.89
2372,2023-11-29,4550.58
2373,2023-11-30,4567.8
2374,2023-12-01,4594.63
2375,2023-12-04,4569.78
2376,2023-12-05,4567.18
2377,2023-12-06,4549.34
2378,2023-12-07,4585.59
2379,2023-12-08,4604.37
2380,2023-12-11,4622.44
2381,2023-12-12,4643.7
2382,2023-12-13,4707.09
2383,2023-12-14,4719.55
2384,2023-12-15,4719.19
2385,2023-12-18,4740.56
2386,2023-12-19,4768.37
2387,2023-12-20,4698.35
2388,2023-12-21,4746.75
2389,2023-12-22,4754.63
2390,2023-12-25,
2391,2023-12-26,4774.75
2392,2023-12-27,4781.58
2393,2023-12-28,4783.35
2394,2023-12-29,4769.83
2395,2024-01-01,
2396,2024-01-02,4742.83
2397,2024-01-03,4704.81
2398,2024-01-04,4688.68
2399,2024-01-05,4697.24
2400,2024-01-08,4763.54
2401,2024-01-09,4756.5
2402,2024-01-10,4783.45
2403,2024-01-11,4780.24
2404,2024-01-12,4783.83
2405,2024-01-15,
2406,2024-01-16,4765.98
2407,2024-01-17,4739.21
2408,2024-01-18,4780.94
2409,2024-01-19,4839.81
2410,2024-01-22,4850.43
2411,2024-01-23,4864.6
2412,2024-01-24,4868.55
2413,2024-01-25,4894.16
2414,2024-01-26,4890.97
2415,2024-01-29,4927.93
2416,2024-01-30,4924.97
2417,2024-01-31,4845.65
2418,2024-02-01,4906.19
2419,2024-02-02,4958.61
2420,2024-02-05,4942.81
2421,2024-02-06,4954.23
2422,2024-02-07,4995.06
2423,2024-02-08,4997.91
2424,2024-02-09,5026.61
2425,2024-02-12,5021.84
2426,2024-02-13,4953.17
2427,2024-02-14,5000.62
2428,2024-02-15,5029.73
2429,2024-02-16,5005.57
2430,2024-02-19,
2431,2024-02-20,4975.51
2432,2024-02-21,4981.8
2433,2024-02-22,5087.03
2434,2024-02-23,5088.8
2435,2024-02-26,5069.53
2436,2024-02-27,5078.18
2437,2024-02-28,5069.76
2438,2024-02-29,5096.27
2439,2024-03-01,5137.08
2440,2024-03-04,5130.95
2441,2024-03-05,5078.65
2442,2024-03-06,5104.76
2443,2024-03-07,5157.36
2444,2024-03-08,5123.69
2445,2024-03-11,5117.94
2446,2024-03-12,5175.27
2447,2024-03-13,5165.31
2448,2024-03-14,5150.48
2449,2024-03-15,5117.09
2450,2024-03-18,5149.42
2451,2024-03-19,5178.51
2452,2024-03-20,5224.62
2453,2024-03-21,5241.53
2454,2024-03-22,5234.18
2455,2024-03-25,5218.19
2456,2024-03-26,5203.58
2457,2024-03-27,5248.49
2458,2024-03-28,5254.35
2459,2024-03-29,
2460,2024-04-01,5243.77
2461,2024-04-02,5205.81
2462,2024-04-03,5211.49
2463,2024-04-04,5147.21
2464,2024-04-05,5204.34
2465,2024-04-08,5202.39
2466,2024-04-09,5209.91
2467,2024-04-10,5160.64
2468,2024-04-11,5199.06
2469,2024-04-12,5123.41
2470,2024-04-15,5061.82
2471,2024-04-16,5051.41
2472,2024-04-17,5022.21
2473,2024-04-18,5011.12
2474,2024-04-19,4967.23
2475,2024-04-22,5010.6
2476,2024-04-23,5070.55
2477,2024-04-24,5071.63
2478,2024-04-25,5048.42
2479,2024-04-26,5099.96
2480,2024-04-29,5116.17
2481,2024-04-30,5035.69
2482,2024-05-01,5018.39
2483,2024-05-02,5064.2
2484,2024-05-03,5127.79
2485,2024-05-06,5180.74
2486,2024-05-07,5187.7
2487,2024-05-08,5187.67
2488,2024-05-09,5214.08
2489,2024-05-10,5222.68
2490,2024-05-13,5221.42
2491,2024-05-14,5246.68
2492,2024-05-15,5308.15
2493,2024-05-16,5297.1
2494,2024-05-17,5303.27
2495,2024-05-20,5308.13
2496,2024-05-21,5321.41
2497,2024-05-22,5307.01
2498,2024-05-23,5267.84
2499,2024-05-24,5304.72
2500,2024-05-27,
2501,2024-05-28,5306.04
2502,2024-05-29,5266.95
2503,2024-05-30,5235.48
2504,2024-05-31,5277.51
2505,2024-06-03,5283.4
2506,2024-06-04,5291.34
2507,2024-06-05,5354.03
2508,2024-06-06,5352.96
2509,2024-06-07,5346.99
2510,2024-06-10,5360.79
2511,2024-06-11,5375.32
2512,2024-06-12,5421.03
2513,2024-06-13,5433.74
2514,2024-06-14,5431.6
2515,2024-06-17,5473.23
2516,2024-06-18,5487.03
2517,2024-06-19,
2518,2024-06-20,5473.17
2519,2024-06-21,5464.62
2520,2024-06-24,5447.87
2521,2024-06-25,5469.3
2522,2024-06-26,5477.9
2523,2024-06-27,5482.87
2524,2024-06-28,5460.48
2525,2024-07-01,5475.09
2526,2024-07-02,5509.01
2527,2024-07-03,5537.02
2528,2024-07-04,
2529,2024-07-05,5567.19
2530,2024-07-08,5572.85
2531,2024-07-09,5576.98
2532,2024-07-10,5633.91
2533,2024-07-11,5584.54
2534,2024-07-12,5615.35
2535,2024-07-15,5631.22
2536,2024-07-16,5667.2
2537,2024-07-17,5588.27
2538,2024-07-18,5544.59
2539,2024-07-19,5505.0
2540,2024-07-22,5564.41
2541,2024-07-23,5555.74
2542,2024-07-24,5427.13
2543,2024-07-25,5399.22
2544,2024-07-26,5459.1
2545,2024-07-29,5463.54
2546,2024-07-30,5436.44
2547,2024-07-31,5522.3
2548,2024-08-01,5446.68
2549,2024-08-02,5346.56
2550,2024-08-05,5186.33
2551,2024-08-06,5240.03
2552,2024-08-07,5199.5
2553,2024-08-08,5319.31
2554,2024-08-09,5344.16
2555,2024-08-12,5344.39
2556,2024-08-13,5434.43
2557,2024-08-14,5455.21
2558,2024-08-15,5543.22
2559,2024-08-16,5554.25
2560,2024-08-19,5608.25
2561,2024-08-20,5597.12
2562,2024-08-21,5620.85
2563,2024-08-22,5570.64
2564,2024-08-23,5634.61
2565,2024-08-26,5616.84
2566,2024-08-27,5625.8
2567,2024-08-28,5592.18
2568,2024-08-29,5591.96
2569,2024-08-30,5648.4
2570,2024-09-02,
2571,2024-09-03,5528.93
2572,2024-09-04,5520.07
2573,2024-09-05,5503.41
2574,2024-09-06,5408.42
2575,2024-09-09,5471.05
2576,2024-09-10,5495.52
2577,2024-09-11,5554.13
2578,2024-09-12,5595.76
2579,2024-09-13,5626.02
2580,2024-09-16,5633.09
2581,2024-09-17,5634.58
2582,2024-09-18,5618.26
2583,2024-09-19,5713.64
2584,2024-09-20,5702.55
2585,2024-09-23,5718.57
2586,2024-09-24,5732.93
2587,2024-09-25,5722.26
2588,2024-09-26,5745.37
2589,2024-09-27,5738.17
2590,2024-09-30,5762.48
2591,2024-10-01,5708.75
2592,2024-10-02,5709.54
2593,2024-10-03,5699.94
2594,2024-10-04,5751.07
2595,2024-10-07,5695.94
2596,2024-10-08,5751.13
2597,2024-10-09,5792.04
2598,2024-10-10,5780.05
2599,2024-10-11,5815.03
2600,2024-10-14,5859.85
2601,2024-10-15,5815.26
2602,2024-10-16,5842.47
2603,2024-10-17,5841.47
2604,2024-10-18,5864.67
